year,eraBand,expectedStanding,teamId,team,currentAvg,targetAvg,delta,currentRep,targetRep,repDelta,currentRaceOps,targetRaceOps,raceOpsDelta,flag
1990,classic,1,t-mclaren-honda,McLaren Honda,8.86,8.85,-0.01,96,96,0,8.5,8.45,-0.05,
1990,classic,2,t-ferrari,Ferrari,8.46,8.45,-0.01,90,90,0,8,8.03,0.03,
1990,classic,3,t-williams-renault,Williams Renault,7.92,7.95,0.03,83,83,0,7.5,7.52,0.02,
1990,classic,4,t-benetton-ford,Benetton Ford,7.32,7.35,0.03,76,76,0,6.9,6.95,0.05,
1990,classic,5,t-tyrrell-ford,Tyrrell Ford,5.78,5.75,-0.03,65,65,0,5.4,5.42,0.02,
1990,classic,6,t-leyton-house-judd,Leyton House Judd,5.38,5.35,-0.03,58,58,0,5,4.96,-0.04,
1990,classic,7,t-larrousse-lamborghini,Larrousse Lamborghini,5.02,5,-0.02,52,52,0,4.6,4.56,-0.04,
1990,classic,8,t-lotus-lamborghini,Lotus Lamborghini,4.66,4.65,-0.01,47,47,0,4.2,4.2,0,
1990,classic,9,t-arrows-ford,Arrows Ford,4.26,4.25,-0.01,42,42,0,3.7,3.66,-0.04,
1990,classic,10,t-brabham-judd,Brabham Judd,3.98,3.95,-0.03,38,38,0,3.4,3.36,-0.04,
1990,classic,11,t-minardi-ford,Minardi Ford,3.62,3.65,0.03,34,34,0,3,3.06,0.06,
1990,classic,12,t-ligier-ford,Ligier Ford,3.38,3.4,0.02,31,31,0,2.8,2.81,0.01,
1990,classic,13,t-dallara-judd,Dallara Judd,3.4,3.4,0,31,31,0,2.8,2.81,0.01,
1990,classic,14,t-ags-ford,AGS Ford,3.38,3.4,0.02,31,31,0,2.8,2.81,0.01,
1990,classic,15,t-eurobrun-judd,EuroBrun Judd,3.42,3.4,-0.02,31,31,0,2.8,2.81,0.01,
1990,classic,16,t-onyx-monteverdi-ford,Onyx / Monteverdi Ford,3.42,3.4,-0.02,31,31,0,2.8,2.81,0.01,
1990,classic,17,t-coloni-subaru-ford,Coloni Subaru/Ford,3.38,3.41,0.03,31,31,0,2.8,2.82,0.02,
1990,classic,18,t-life-w12,Life W12,3.46,3.39,-0.07,31,31,0,2.8,2.81,0.01,
1991,classic,1,t-mclaren-honda,McLaren Honda,8.84,8.85,0.01,96,96,0,8.4,8.45,0.05,
1991,classic,2,t-williams-renault,Williams Renault,8.46,8.45,-0.01,90,90,0,8,8.03,0.03,
1991,classic,3,t-ferrari,Ferrari,7.96,7.95,-0.01,83,83,0,7.5,7.52,0.02,
1991,classic,4,t-benetton-ford,Benetton Ford,7.34,7.35,0.01,76,76,0,6.9,6.95,0.05,
1991,classic,5,t-tyrrell-honda,Tyrrell Honda,5.76,5.75,-0.01,65,65,0,5.4,5.42,0.02,
1991,classic,6,t-jordan-ford,Jordan Ford,5.36,5.35,-0.01,58,58,0,5,4.96,-0.04,
1991,classic,7,t-minardi-ferrari,Minardi Ferrari,5,5,0,52,52,0,4.6,4.56,-0.04,
1991,classic,8,t-dallara-judd,Dallara Judd,4.64,4.65,0.01,47,47,0,4.2,4.2,0,
1991,classic,9,t-lotus-judd,Lotus Judd,4.24,4.25,0.01,42,42,0,3.7,3.66,-0.04,
1991,classic,10,t-leyton-house-ilmor,Leyton House Ilmor,3.94,3.95,0.01,38,38,0,3.4,3.36,-0.04,
1991,classic,11,t-brabham-yamaha,Brabham Yamaha,3.62,3.65,0.03,34,34,0,3,3.06,0.06,
1991,classic,12,t-ligier-lamborghini,Ligier Lamborghini,3.36,3.4,0.04,31,31,0,2.8,2.81,0.01,
1991,classic,13,t-lola-ford,Lola Ford,3.36,3.4,0.04,31,31,0,2.8,2.81,0.01,
1991,classic,14,t-lambo-modena,Lambo Modena,3.34,3.4,0.06,31,31,0,2.8,2.81,0.01,
1991,classic,15,t-footwork-porsche-ford,Footwork Porsche/Ford,3.38,3.4,0.02,31,31,0,2.8,2.81,0.01,
1991,classic,16,t-fondmetal-ford,Fondmetal Ford,3.34,3.41,0.07,31,31,0,2.8,2.82,0.02,
1991,classic,17,t-ags-ford,AGS Ford,3.38,3.4,0.02,31,31,0,2.8,2.81,0.01,
1991,classic,18,t-coloni-ford,Coloni Ford,3.4,3.4,0,31,31,0,2.8,2.81,0.01,
1992,classic,1,t-williams-renault,Williams Renault,8.86,8.85,-0.01,96,96,0,8.5,8.45,-0.05,
1992,classic,2,t-mclaren-honda,McLaren Honda,8.46,8.45,-0.01,90,90,0,8,8.03,0.03,
1992,classic,3,t-benetton-ford,Benetton Ford,7.96,7.95,-0.01,83,83,0,7.5,7.52,0.02,
1992,classic,4,t-ferrari,Ferrari,7.36,7.35,-0.01,76,76,0,7,6.95,-0.05,
1992,classic,5,t-lotus-ford,Lotus Ford,5.8,5.75,-0.05,65,65,0,5.4,5.42,0.02,
1992,classic,6,t-ligier-renault,Ligier Renault,5.38,5.35,-0.03,58,58,0,5,4.96,-0.04,
1992,classic,7,t-footwork-mugen-honda,Footwork Mugen Honda,5.04,5,-0.04,52,52,0,4.6,4.56,-0.04,
1992,classic,8,t-tyrrell-ilmor,Tyrrell Ilmor,4.6,4.65,0.05,47,47,0,4.2,4.2,0,
1992,classic,9,t-bms-scuderia-italia-ferrari,BMS Scuderia Italia Ferrari,4.26,4.25,-0.01,42,42,0,3.7,3.66,-0.04,
1992,classic,10,t-march-ilmor,March Ilmor,3.94,3.95,0.01,38,38,0,3.4,3.36,-0.04,
1992,classic,11,t-minardi-lamborghini,Minardi Lamborghini,3.62,3.65,0.03,34,34,0,3,3.06,0.06,
1992,classic,12,t-jordan-yamaha,Jordan Yamaha,3.36,3.4,0.04,31,31,0,2.8,2.81,0.01,
1992,classic,13,t-venturi-lamborghini,Venturi Lamborghini,3.36,3.4,0.04,31,31,0,2.8,2.81,0.01,
1992,classic,14,t-fondmetal-ford,Fondmetal Ford,3.38,3.41,0.03,31,31,0,2.8,2.82,0.02,
1992,classic,15,t-brabham-judd,Brabham Judd,3.36,3.4,0.04,31,31,0,2.8,2.81,0.01,
1992,classic,16,t-andrea-moda-judd,Andrea Moda Judd,3.38,3.4,0.02,31,31,0,2.8,2.81,0.01,
1993,classic,1,t-williams-renault,Williams Renault,8.86,8.85,-0.01,96,96,0,8.5,8.45,-0.05,
1993,classic,2,t-mclaren-ford,McLaren Ford,8.44,8.45,0.01,90,90,0,8,8.03,0.03,
1993,classic,3,t-benetton-ford,Benetton Ford,7.96,7.95,-0.01,83,83,0,7.5,7.52,0.02,
1993,classic,4,t-ferrari,Ferrari,7.34,7.35,0.01,76,76,0,6.9,6.95,0.05,
1993,classic,5,t-ligier-renault,Ligier Renault,5.76,5.75,-0.01,65,65,0,5.4,5.42,0.02,
1993,classic,6,t-sauber,Sauber,5.36,5.35,-0.01,58,58,0,5,4.96,-0.04,
1993,classic,7,t-lotus-ford,Lotus Ford,5.02,5,-0.02,52,52,0,4.6,4.56,-0.04,
1993,classic,8,t-minardi-ford,Minardi Ford,4.66,4.65,-0.01,47,47,0,4.2,4.2,0,
1993,classic,9,t-footwork-mugen-honda,Footwork Mugen-Honda,4.24,4.25,0.01,42,42,0,3.7,3.66,-0.04,
1993,classic,10,t-larrousse-lamborghini,Larrousse Lamborghini,3.92,3.95,0.03,38,38,0,3.3,3.36,0.06,
1993,classic,11,t-jordan-hart,Jordan Hart,3.64,3.65,0.01,34,34,0,3,3.06,0.06,
1993,classic,12,t-tyrrell-yamaha,Tyrrell Yamaha,3.34,3.41,0.07,31,31,0,2.8,2.82,0.02,
1993,classic,13,t-lola-ferrari-bms-scuderia-italia,Lola Ferrari / BMS Scuderia Italia,3.4,3.4,0,31,31,0,2.8,2.81,0.01,
1994,classic,1,t-williams,Williams,8.9,8.85,-0.05,96,96,0,8.5,8.45,-0.05,
1994,classic,2,t-benetton,Benetton,8.48,8.45,-0.03,90,90,0,8,8.03,0.03,
1994,classic,3,t-ferrari,Ferrari,8,7.95,-0.05,83,83,0,7.5,7.52,0.02,
1994,classic,4,t-mclaren,McLaren,7.38,7.35,-0.03,76,76,0,7,6.95,-0.05,
1994,classic,5,t-ligier,Ligier,5.8,5.75,-0.05,65,65,0,5.4,5.42,0.02,
1994,classic,6,t-jordan,Jordan,5.4,5.35,-0.05,58,58,0,5,4.96,-0.04,
1994,classic,7,t-sauber,Sauber,5,5,0,52,52,0,4.6,4.56,-0.04,
1994,classic,8,t-tyrrell,Tyrrell,4.64,4.65,0.01,47,47,0,4.2,4.2,0,
1994,classic,9,t-footwork,Footwork,4.28,4.25,-0.03,42,42,0,3.7,3.66,-0.04,
1994,classic,10,t-minardi,Minardi,3.92,3.95,0.03,38,38,0,3.3,3.36,0.06,
1994,classic,11,t-lotus,Lotus,3.66,3.65,-0.01,34,34,0,3.1,3.06,-0.04,
1994,classic,12,t-larrousse,Larrousse,3.36,3.4,0.04,31,31,0,2.8,2.81,0.01,
1994,classic,13,t-simtek,Simtek,3.36,3.4,0.04,31,31,0,2.8,2.81,0.01,
1994,classic,14,t-pacific,Pacific,3.42,3.4,-0.02,31,31,0,2.8,2.81,0.01,
1995,classic,1,t-williams,Williams,8.92,8.84,-0.08,96,96,0,8.5,8.45,-0.05,
1995,classic,2,t-benetton,Benetton,8.48,8.45,-0.03,90,90,0,8,8.03,0.03,
1995,classic,3,t-ferrari,Ferrari,8.02,7.94,-0.08,83,83,0,7.6,7.51,-0.09,
1995,classic,4,t-mclaren,McLaren,7.42,7.35,-0.07,76,76,0,7,6.95,-0.05,
1995,classic,5,t-ligier,Ligier,5.84,5.74,-0.1,65,65,0,5.5,5.41,-0.09,
1995,classic,6,t-sauber,Sauber,5.4,5.35,-0.05,58,58,0,5,4.96,-0.04,
1995,classic,7,t-jordan,Jordan,5,5,0,52,52,0,4.6,4.56,-0.04,
1995,classic,8,t-tyrrell,Tyrrell,4.7,4.65,-0.05,47,47,0,4.2,4.2,0,
1995,classic,9,t-footwork,Footwork,4.3,4.25,-0.05,42,42,0,3.7,3.66,-0.04,
1995,classic,10,t-minardi,Minardi,4,3.95,-0.05,38,38,0,3.4,3.36,-0.04,
1995,classic,11,t-forti,Forti,3.7,3.65,-0.05,34,34,0,3.1,3.06,-0.04,
1995,classic,12,t-pacific,Pacific,3.44,3.4,-0.04,31,31,0,2.8,2.81,0.01,
1996,classic,1,t-williams-renault,Williams Renault,8.88,8.85,-0.03,96,96,0,8.5,8.45,-0.05,
1996,classic,2,t-benetton-renault,Benetton Renault,8.48,8.45,-0.03,90,90,0,8,8.03,0.03,
1996,classic,3,t-mclaren-mercedes,McLaren Mercedes,8,7.95,-0.05,83,83,0,7.5,7.52,0.02,
1996,classic,4,t-ferrari,Ferrari,7.38,7.35,-0.03,76,76,0,7,6.95,-0.05,
1996,classic,5,t-jordan-peugeot,Jordan Peugeot,5.8,5.75,-0.05,65,65,0,5.4,5.42,0.02,
1996,classic,6,t-ligier-mugen-honda,Ligier Mugen Honda,5.38,5.35,-0.03,58,58,0,5,4.96,-0.04,
1996,classic,7,t-sauber-ford,Sauber Ford,5.08,5,-0.08,52,52,0,4.6,4.56,-0.04,
1996,classic,8,t-tyrrell-yamaha,Tyrrell Yamaha,4.68,4.65,-0.03,47,47,0,4.2,4.2,0,
1996,classic,9,t-footwork-hart,Footwork Hart,4.26,4.25,-0.01,42,42,0,3.7,3.66,-0.04,
1996,classic,10,t-minardi-ford,Minardi Ford,3.96,3.95,-0.01,38,38,0,3.4,3.36,-0.04,
1996,classic,11,t-forti-ford,Forti Ford,3.66,3.65,-0.01,34,34,0,3.1,3.06,-0.04,
1997,classic,1,t-williams-renault,Williams Renault,8.86,8.85,-0.01,96,96,0,8.5,8.45,-0.05,
1997,classic,2,t-ferrari,Ferrari,8.46,8.45,-0.01,90,90,0,8,8.03,0.03,
1997,classic,3,t-benetton-renault,Benetton Renault,7.98,7.95,-0.03,83,83,0,7.5,7.52,0.02,
1997,classic,4,t-mclaren-mercedes,McLaren Mercedes,7.32,7.35,0.03,76,76,0,6.9,6.95,0.05,
1997,classic,5,t-jordan-peugeot,Jordan Peugeot,5.8,5.75,-0.05,65,65,0,5.4,5.42,0.02,
1997,classic,6,t-prost-mugen-honda,Prost Mugen Honda,5.34,5.35,0.01,58,58,0,5,4.96,-0.04,
1997,classic,7,t-sauber-petronas,Sauber Petronas,5.02,5,-0.02,52,52,0,4.6,4.56,-0.04,
1997,classic,8,t-arrows-yamaha,Arrows Yamaha,4.7,4.65,-0.05,47,47,0,4.2,4.2,0,
1997,classic,9,t-tyrrell-ford,Tyrrell Ford,4.26,4.25,-0.01,42,42,0,3.7,3.66,-0.04,
1997,classic,10,t-stewart-ford,Stewart Ford,3.96,3.95,-0.01,38,38,0,3.4,3.36,-0.04,
1997,classic,11,t-minardi-hart,Minardi Hart,3.6,3.65,0.05,34,34,0,3,3.06,0.06,
1997,classic,12,t-lola-ford,Lola Ford,3.44,3.4,-0.04,31,31,0,2.8,2.81,0.01,
1998,classic,1,t-mclaren-mercedes,McLaren Mercedes,8.84,8.85,0.01,96,96,0,8.4,8.45,0.05,
1998,classic,2,t-ferrari,Ferrari,8.46,8.45,-0.01,90,90,0,8,8.03,0.03,
1998,classic,3,t-williams-mecachrome,Williams Mecachrome,8,7.95,-0.05,83,83,0,7.5,7.52,0.02,
1998,classic,4,t-jordan-mugen-honda,Jordan Mugen Honda,7.38,7.35,-0.03,76,76,0,7,6.95,-0.05,
1998,classic,5,t-benetton-playlife,Benetton Playlife,5.76,5.75,-0.01,65,65,0,5.4,5.42,0.02,
1998,classic,6,t-sauber-petronas,Sauber Petronas,5.4,5.35,-0.05,58,58,0,5,4.96,-0.04,
1998,classic,7,t-prost-peugeot,Prost Peugeot,5.04,5,-0.04,52,52,0,4.6,4.56,-0.04,
1998,classic,8,t-arrows,Arrows,4.66,4.65,-0.01,47,47,0,4.2,4.2,0,
1998,classic,9,t-stewart-ford,Stewart Ford,4.26,4.25,-0.01,42,42,0,3.7,3.66,-0.04,
1998,classic,10,t-tyrrell-ford,Tyrrell Ford,3.92,3.95,0.03,38,38,0,3.3,3.36,0.06,
1998,classic,11,t-minardi-ford,Minardi Ford,3.64,3.65,0.01,34,34,0,3,3.06,0.06,
1999,classic,1,t-ferrari,Ferrari,8.88,8.85,-0.03,96,96,0,8.5,8.45,-0.05,
1999,classic,2,t-mclaren-mercedes,McLaren Mercedes,8.46,8.45,-0.01,90,90,0,8,8.03,0.03,
1999,classic,3,t-jordan-mugen-honda,Jordan Mugen Honda,7.94,7.95,0.01,83,83,0,7.5,7.52,0.02,
1999,classic,4,t-stewart-ford,Stewart Ford,7.36,7.35,-0.01,76,76,0,7,6.95,-0.05,
1999,classic,5,t-williams-supertec,Williams Supertec,5.8,5.75,-0.05,65,65,0,5.4,5.42,0.02,
1999,classic,6,t-benetton-playlife,Benetton Playlife,5.38,5.35,-0.03,58,58,0,5,4.96,-0.04,
1999,classic,7,t-prost-peugeot,Prost Peugeot,5.02,5,-0.02,52,52,0,4.6,4.56,-0.04,
1999,classic,8,t-sauber-petronas,Sauber Petronas,4.66,4.65,-0.01,47,47,0,4.2,4.2,0,
1999,classic,9,t-bar-supertec,BAR Supertec,4.26,4.25,-0.01,42,42,0,3.7,3.66,-0.04,
1999,classic,10,t-minardi-ford,Minardi Ford,3.96,3.95,-0.01,38,38,0,3.4,3.36,-0.04,
1999,classic,11,t-arrows,Arrows,3.68,3.65,-0.03,34,34,0,3.1,3.06,-0.04,
2000,classic,1,t-ferrari,Ferrari,8.82,8.85,0.03,96,96,0,8.4,8.45,0.05,
2000,classic,2,t-mclaren-mercedes,McLaren Mercedes,8.44,8.45,0.01,90,90,0,8,8.03,0.03,
2000,classic,3,t-williams-bmw,Williams BMW,7.98,7.95,-0.03,83,83,0,7.5,7.52,0.02,
2000,classic,4,t-jordan-mugen-honda,Jordan Mugen-Honda,7.38,7.35,-0.03,76,76,0,7,6.95,-0.05,
2000,classic,5,t-benetton-playlife,Benetton Playlife,5.78,5.75,-0.03,65,65,0,5.4,5.42,0.02,
2000,classic,6,t-bar-honda,BAR Honda,5.34,5.35,0.01,58,58,0,5,4.96,-0.04,
2000,classic,7,t-sauber-petronas,Sauber Petronas,5.02,5,-0.02,52,52,0,4.6,4.56,-0.04,
2000,classic,8,t-arrows-supertec,Arrows Supertec,4.66,4.65,-0.01,47,47,0,4.2,4.2,0,
2000,classic,9,t-jaguar-cosworth,Jaguar Cosworth,4.28,4.25,-0.03,42,42,0,3.7,3.66,-0.04,
2000,classic,10,t-prost-peugeot,Prost Peugeot,3.96,3.95,-0.01,38,38,0,3.4,3.36,-0.04,
2000,classic,11,t-minardi-fondmetal,Minardi Fondmetal,3.66,3.65,-0.01,34,34,0,3.1,3.06,-0.04,
2001,classic,1,t-ferrari,Ferrari,8.8,8.85,0.05,96,96,0,8.4,8.45,0.05,
2001,classic,2,t-mclaren-mercedes,McLaren Mercedes,8.42,8.45,0.03,90,90,0,8,8.03,0.03,
2001,classic,3,t-williams-bmw,Williams BMW,7.94,7.95,0.01,83,83,0,7.5,7.52,0.02,
2001,classic,4,t-sauber-petronas,Sauber Petronas,7.34,7.35,0.01,76,76,0,6.9,6.95,0.05,
2001,classic,5,t-jordan-honda,Jordan Honda,5.78,5.75,-0.03,65,65,0,5.4,5.42,0.02,
2001,classic,6,t-bar-honda,BAR Honda,5.36,5.35,-0.01,58,58,0,5,4.96,-0.04,
2001,classic,7,t-benetton-renault,Benetton Renault,5.02,5,-0.02,52,52,0,4.6,4.56,-0.04,
2001,classic,8,t-jaguar-cosworth,Jaguar Cosworth,4.66,4.65,-0.01,47,47,0,4.2,4.2,0,
2001,classic,9,t-prost-acer,Prost Acer,4.26,4.25,-0.01,42,42,0,3.7,3.66,-0.04,
2001,classic,10,t-arrows-asiatech,Arrows Asiatech,3.92,3.95,0.03,38,38,0,3.3,3.36,0.06,
2001,classic,11,t-minardi-european,Minardi European,3.64,3.65,0.01,34,34,0,3,3.06,0.06,
2002,classic,1,t-ferrari,Ferrari,8.86,8.85,-0.01,96,96,0,8.5,8.45,-0.05,
2002,classic,2,t-williams-bmw,Williams BMW,8.46,8.45,-0.01,90,90,0,8,8.03,0.03,
2002,classic,3,t-mclaren-mercedes,McLaren Mercedes,7.94,7.95,0.01,83,83,0,7.5,7.52,0.02,
2002,classic,4,t-renault,Renault,7.3,7.35,0.05,76,76,0,6.9,6.95,0.05,
2002,classic,5,t-sauber-petronas,Sauber Petronas,5.76,5.75,-0.01,65,65,0,5.4,5.42,0.02,
2002,classic,6,t-bar-honda,BAR Honda,5.36,5.35,-0.01,58,58,0,5,4.96,-0.04,
2002,classic,7,t-jordan-honda,Jordan Honda,4.98,5,0.02,52,52,0,4.6,4.56,-0.04,
2002,classic,8,t-toyota,Toyota,4.66,4.65,-0.01,47,47,0,4.2,4.2,0,
2002,classic,9,t-jaguar-cosworth,Jaguar Cosworth,4.24,4.25,0.01,42,42,0,3.7,3.66,-0.04,
2002,classic,10,t-arrows-cosworth,Arrows Cosworth,3.92,3.95,0.03,38,38,0,3.3,3.36,0.06,
2002,classic,11,t-minardi-asiatech,Minardi Asiatech,3.62,3.65,0.03,34,34,0,3,3.06,0.06,
2003,classic,1,t-ferrari,Ferrari,8.82,8.85,0.03,96,96,0,8.4,8.45,0.05,
2003,classic,2,t-mclaren-mercedes,McLaren Mercedes,8.42,8.45,0.03,90,90,0,8,8.03,0.03,
2003,classic,3,t-williams-bmw,Williams BMW,7.9,7.95,0.05,83,83,0,7.5,7.52,0.02,
2003,classic,4,t-renault,Renault,7.32,7.35,0.03,76,76,0,6.9,6.95,0.05,
2003,classic,5,t-bar-honda,BAR Honda,5.76,5.75,-0.01,65,65,0,5.4,5.42,0.02,
2003,classic,6,t-sauber-petronas,Sauber Petronas,5.34,5.35,0.01,58,58,0,5,4.96,-0.04,
2003,classic,7,t-jaguar-cosworth,Jaguar Cosworth,4.96,5,0.04,52,52,0,4.5,4.56,0.06,
2003,classic,8,t-toyota,Toyota,4.62,4.65,0.03,47,47,0,4.2,4.2,0,
2003,classic,9,t-jordan-ford,Jordan Ford,4.24,4.25,0.01,42,42,0,3.7,3.66,-0.04,
2003,classic,10,t-minardi-cosworth,Minardi Cosworth,3.9,3.95,0.05,38,38,0,3.3,3.36,0.06,
2004,classic,1,t-ferrari,Ferrari,8.82,8.85,0.03,96,96,0,8.4,8.45,0.05,
2004,classic,2,t-bar-honda,BAR Honda,8.44,8.45,0.01,90,90,0,8,8.03,0.03,
2004,classic,3,t-renault,Renault,7.94,7.95,0.01,83,83,0,7.5,7.52,0.02,
2004,classic,4,t-williams-bmw,Williams BMW,7.3,7.35,0.05,76,76,0,6.9,6.95,0.05,
2004,classic,5,t-mclaren-mercedes,McLaren Mercedes,5.76,5.75,-0.01,65,65,0,5.4,5.42,0.02,
2004,classic,6,t-sauber-petronas,Sauber Petronas,5.34,5.35,0.01,58,58,0,5,4.96,-0.04,
2004,classic,7,t-toyota,Toyota,4.98,5,0.02,52,52,0,4.6,4.56,-0.04,
2004,classic,8,t-jaguar-cosworth,Jaguar Cosworth,4.62,4.65,0.03,47,47,0,4.2,4.2,0,
2004,classic,9,t-jordan-ford,Jordan Ford,4.24,4.25,0.01,42,42,0,3.7,3.66,-0.04,
2004,classic,10,t-minardi-cosworth,Minardi Cosworth,3.98,3.95,-0.03,38,38,0,3.4,3.36,-0.04,
2005,classic,1,t-renault,Renault,8.82,8.85,0.03,96,96,0,8.4,8.45,0.05,
2005,classic,2,t-mclaren-mercedes,McLaren Mercedes,8.42,8.45,0.03,90,90,0,8,8.03,0.03,
2005,classic,3,t-ferrari,Ferrari,7.94,7.95,0.01,83,83,0,7.5,7.52,0.02,
2005,classic,4,t-toyota,Toyota,7.3,7.35,0.05,76,76,0,6.9,6.95,0.05,
2005,classic,5,t-williams-bmw,Williams BMW,5.78,5.75,-0.03,65,65,0,5.4,5.42,0.02,
2005,classic,6,t-bar-honda,BAR Honda,5.32,5.35,0.03,58,58,0,4.9,4.96,0.06,
2005,classic,7,t-rbr-cosworth,RBR Cosworth,5,5,0,52,52,0,4.6,4.56,-0.04,
2005,classic,8,t-sauber-petronas,Sauber Petronas,4.64,4.65,0.01,47,47,0,4.2,4.2,0,
2005,classic,9,t-jordan-toyota,Jordan Toyota,4.28,4.25,-0.03,42,42,0,3.7,3.66,-0.04,
2005,classic,10,t-minardi-cosworth,Minardi Cosworth,3.98,3.95,-0.03,38,38,0,3.4,3.36,-0.04,
2006,classic,1,t-ferrari,Ferrari,8.88,8.85,-0.03,96,96,0,8.5,8.45,-0.05,
2006,classic,2,t-renault,Renault,8.44,8.45,0.01,90,90,0,8,8.03,0.03,
2006,classic,3,t-mclaren-mercedes,McLaren Mercedes,7.96,7.95,-0.01,83,83,0,7.5,7.52,0.02,
2006,classic,4,t-honda,Honda,7.34,7.35,0.01,76,76,0,6.9,6.95,0.05,
2006,classic,5,t-bmw-sauber,BMW Sauber,5.76,5.75,-0.01,65,65,0,5.4,5.42,0.02,
2006,classic,6,t-toyota,Toyota,5.34,5.35,0.01,58,58,0,5,4.96,-0.04,
2006,classic,7,t-rbr-ferrari,RBR Ferrari,4.98,5.01,0.03,52,52,0,4.6,4.57,-0.03,
2006,classic,8,t-williams-cosworth,Williams Cosworth,4.64,4.65,0.01,47,47,0,4.2,4.2,0,
2006,classic,9,t-str-cosworth,STR Cosworth,4.22,4.25,0.03,42,42,0,3.6,3.66,0.06,
2006,classic,10,t-mf1-toyota,MF1 Toyota,3.94,3.95,0.01,38,38,0,3.4,3.36,-0.04,
2006,classic,11,t-super-aguri-honda,Super Aguri Honda,3.66,3.65,-0.01,34,34,0,3.1,3.06,-0.04,
2007,classic,1,t-ferrari,Ferrari,8.84,8.85,0.01,96,96,0,8.4,8.45,0.05,
2007,classic,2,t-mclaren-mercedes,McLaren Mercedes,8.4,8.45,0.05,90,90,0,8,8.03,0.03,
2007,classic,3,t-bmw-sauber,BMW Sauber,7.96,7.95,-0.01,83,83,0,7.5,7.52,0.02,
2007,classic,4,t-renault,Renault,7.32,7.35,0.03,76,76,0,6.9,6.95,0.05,
2007,classic,5,t-williams-toyota,Williams Toyota,5.78,5.75,-0.03,65,65,0,5.4,5.42,0.02,
2007,classic,6,t-red-bull-renault,Red Bull Renault,5.34,5.35,0.01,58,58,0,5,4.96,-0.04,
2007,classic,7,t-toyota,Toyota,4.96,5,0.04,52,52,0,4.5,4.56,0.06,
2007,classic,8,t-honda,Honda,4.6,4.65,0.05,47,47,0,4.2,4.2,0,
2007,classic,9,t-toro-rosso-ferrari,Toro Rosso Ferrari,4.22,4.25,0.03,42,42,0,3.6,3.66,0.06,
2007,classic,10,t-super-aguri-honda,Super Aguri Honda,3.88,3.95,0.07,38,38,0,3.3,3.36,0.06,
2007,classic,11,t-spyker-ferrari,Spyker Ferrari,3.62,3.65,0.03,34,34,0,3,3.06,0.06,
2008,classic,1,t-ferrari,Ferrari,8.82,8.85,0.03,96,96,0,8.4,8.45,0.05,
2008,classic,2,t-mclaren-mercedes,McLaren Mercedes,8.42,8.45,0.03,90,90,0,8,8.03,0.03,
2008,classic,3,t-bmw-sauber,BMW Sauber,7.92,7.95,0.03,83,83,0,7.5,7.52,0.02,
2008,classic,4,t-renault,Renault,7.34,7.35,0.01,76,76,0,6.9,6.95,0.05,
2008,classic,5,t-toyota,Toyota,5.74,5.75,0.01,65,65,0,5.4,5.42,0.02,
2008,classic,6,t-red-bull-renault,Red Bull Renault,5.32,5.35,0.03,58,58,0,4.9,4.96,0.06,
2008,classic,7,t-toro-rosso-ferrari,Toro Rosso Ferrari,4.98,5,0.02,52,52,0,4.6,4.56,-0.04,
2008,classic,8,t-williams-toyota,Williams Toyota,4.62,4.65,0.03,47,47,0,4.2,4.2,0,
2008,classic,9,t-honda,Honda,4.24,4.25,0.01,42,42,0,3.7,3.66,-0.04,
2008,classic,10,t-force-india-ferrari,Force India Ferrari,3.94,3.95,0.01,38,38,0,3.4,3.36,-0.04,
2008,classic,11,t-super-aguri-honda,Super Aguri Honda,3.62,3.65,0.03,34,34,0,3,3.06,0.06,
2009,transition,1,t-brawn-mercedes,Brawn Mercedes,8.9,8.9,0,96,96,0,8.5,8.48,-0.02,
2009,transition,2,t-rbr-renault,RBR Renault,8.54,8.55,0.01,90,90,0,8.1,8.09,-0.01,
2009,transition,3,t-mclaren-mercedes,McLaren Mercedes,8.12,8.15,0.03,84,84,0,7.6,7.67,0.07,
2009,transition,4,t-ferrari,Ferrari,7.68,7.7,0.02,78,78,0,7.2,7.21,0.01,
2009,transition,5,t-williams-toyota,Williams Toyota,6.12,6.1,-0.02,68,68,0,5.7,5.71,0.01,
2009,transition,6,t-toyota,Toyota,5.72,5.75,0.03,62,62,0,5.3,5.32,0.02,
2009,transition,7,t-sauber-bmw,Sauber BMW,5.38,5.4,0.02,56,56,0,4.9,4.92,0.02,
2009,transition,8,t-renault,Renault,5.02,5.05,0.03,51,51,0,4.5,4.56,0.06,
2009,transition,9,t-force-india-mercedes,Force India Mercedes,4.68,4.7,0.02,46,46,0,4,4.05,0.05,
2009,transition,10,t-str-ferrari,STR Ferrari,4.32,4.35,0.03,42,42,0,3.7,3.72,0.02,
2010,transition,1,t-rbr-renault,RBR Renault,8.9,8.9,0,96,96,0,8.5,8.48,-0.02,
2010,transition,2,t-mclaren-mercedes,McLaren Mercedes,8.52,8.55,0.03,90,90,0,8.1,8.09,-0.01,
2010,transition,3,t-ferrari,Ferrari,8.12,8.15,0.03,84,84,0,7.6,7.67,0.07,
2010,transition,4,t-mercedes,Mercedes,7.68,7.7,0.02,78,78,0,7.2,7.21,0.01,
2010,transition,5,t-renault,Renault,6.08,6.1,0.02,68,68,0,5.7,5.71,0.01,
2010,transition,6,t-force-india-mercedes,Force India Mercedes,5.76,5.75,-0.01,62,62,0,5.3,5.32,0.02,
2010,transition,7,t-williams-cosworth,Williams Cosworth,5.38,5.4,0.02,56,56,0,4.9,4.92,0.02,
2010,transition,8,t-sauber-ferrari,Sauber Ferrari,5,5.05,0.05,51,51,0,4.5,4.56,0.06,
2010,transition,9,t-str-ferrari,STR Ferrari,4.68,4.7,0.02,46,46,0,4,4.05,0.05,
2010,transition,10,t-lotus-cosworth,Lotus Cosworth,4.3,4.35,0.05,42,42,0,3.7,3.72,0.02,
2010,transition,11,t-virgin-cosworth,Virgin Cosworth,4.04,4.05,0.01,38,38,0,3.4,3.41,0.01,
2010,transition,12,t-hrt-cosworth,HRT Cosworth,3.78,3.8,0.02,35,35,0,3.2,3.17,-0.03,
2011,compressed-modern,1,t-red-bull-racing-renault,Red Bull Racing Renault,9.22,9.25,0.03,96,96,0,8.7,8.69,-0.01,
2011,compressed-modern,2,t-mclaren-mercedes,McLaren Mercedes,8.9,8.9,0,90,90,0,8.3,8.29,-0.01,
2011,compressed-modern,3,t-ferrari,Ferrari,8.48,8.55,0.07,84,84,0,7.9,7.9,0,
2011,compressed-modern,4,t-mercedes,Mercedes,8.12,8.15,0.03,78,78,0,7.5,7.47,-0.03,
2011,compressed-modern,5,t-force-india-mercedes,Force India Mercedes,6.74,6.85,0.11,68,68,0,6.1,6.15,0.05,
2011,compressed-modern,6,t-renault,Renault,6.32,6.46,0.14,62,62,0,5.6,5.73,0.13,
2011,compressed-modern,7,t-sauber-ferrari,Sauber Ferrari,5.98,6.11,0.13,56,56,0,5.3,5.34,0.04,
2011,compressed-modern,8,t-str-ferrari,STR Ferrari,5.64,5.76,0.12,51,51,0,4.9,4.97,0.07,
2011,compressed-modern,9,t-williams-cosworth,Williams Cosworth,5.18,5.36,0.18,46,46,0,4.3,4.43,0.13,
2011,compressed-modern,10,t-lotus-renault,Lotus Renault,4.86,5,0.14,42,42,0,4,4.09,0.09,
2011,compressed-modern,11,t-virgin-cosworth,Virgin Cosworth,4.58,4.71,0.13,38,38,0,3.7,3.8,0.1,
2011,compressed-modern,12,t-hrt-cosworth,HRT Cosworth,4.32,4.45,0.13,35,35,0,3.5,3.55,0.05,
2012,compressed-modern,1,t-red-bull-racing-renault,Red Bull Racing Renault,9.26,9.25,-0.01,96,96,0,8.7,8.69,-0.01,
2012,compressed-modern,2,t-mclaren-mercedes,McLaren Mercedes,8.86,8.91,0.05,90,90,0,8.3,8.3,0,
2012,compressed-modern,3,t-ferrari,Ferrari,8.5,8.55,0.05,84,84,0,7.9,7.9,0,
2012,compressed-modern,4,t-lotus-renault,Lotus Renault,8.1,8.15,0.05,78,78,0,7.4,7.47,0.07,
2012,compressed-modern,5,t-sauber-ferrari,Sauber Ferrari,6.76,6.86,0.1,68,68,0,6.1,6.15,0.05,
2012,compressed-modern,6,t-mercedes,Mercedes,6.32,6.46,0.14,62,62,0,5.6,5.73,0.13,
2012,compressed-modern,7,t-force-india-mercedes,Force India Mercedes,5.98,6.11,0.13,56,56,0,5.3,5.34,0.04,
2012,compressed-modern,8,t-williams-renault,Williams Renault,5.62,5.76,0.14,51,51,0,4.9,4.97,0.07,
2012,compressed-modern,9,t-str-ferrari,STR Ferrari,5.22,5.36,0.14,46,46,0,4.3,4.43,0.13,
2012,compressed-modern,10,t-caterham-renault,Caterham Renault,4.88,5.01,0.13,42,42,0,4,4.1,0.1,
2012,compressed-modern,11,t-marussia-cosworth,Marussia Cosworth,4.58,4.71,0.13,38,38,0,3.7,3.8,0.1,
2012,compressed-modern,12,t-hrt-cosworth,HRT Cosworth,4.32,4.45,0.13,35,35,0,3.5,3.55,0.05,
2013,compressed-modern,1,t-red-bull-racing-renault,Red Bull Racing Renault,9.22,9.25,0.03,96,96,0,8.7,8.69,-0.01,
2013,compressed-modern,2,t-mercedes,Mercedes,8.9,8.9,0,90,90,0,8.3,8.29,-0.01,
2013,compressed-modern,3,t-ferrari,Ferrari,8.5,8.55,0.05,84,84,0,7.9,7.9,0,
2013,compressed-modern,4,t-lotus-renault,Lotus Renault,8.08,8.15,0.07,78,78,0,7.4,7.47,0.07,
2013,compressed-modern,5,t-mclaren-mercedes,McLaren Mercedes,6.76,6.85,0.09,68,68,0,6.1,6.15,0.05,
2013,compressed-modern,6,t-force-india-mercedes,Force India Mercedes,6.36,6.45,0.09,62,62,0,5.7,5.73,0.03,
2013,compressed-modern,7,t-sauber-ferrari,Sauber Ferrari,5.98,6.11,0.13,56,56,0,5.3,5.34,0.04,
2013,compressed-modern,8,t-str-ferrari,STR Ferrari,5.58,5.76,0.18,51,51,0,4.9,4.97,0.07,
2013,compressed-modern,9,t-williams-renault,Williams Renault,5.2,5.36,0.16,46,46,0,4.3,4.43,0.13,
2013,compressed-modern,10,t-caterham-renault,Caterham Renault,4.86,5.01,0.15,42,42,0,4,4.1,0.1,
2013,compressed-modern,11,t-marussia-cosworth,Marussia Cosworth,4.58,4.71,0.13,38,38,0,3.7,3.8,0.1,
2014,compressed-modern,1,t-mercedes,Mercedes,9.2,9.25,0.05,96,96,0,8.7,8.69,-0.01,
2014,compressed-modern,2,t-williams-mercedes,Williams Mercedes,8.92,8.9,-0.02,90,90,0,8.3,8.29,-0.01,
2014,compressed-modern,3,t-red-bull-racing-renault,Red Bull Racing Renault,8.54,8.55,0.01,84,84,0,7.9,7.9,0,
2014,compressed-modern,4,t-mclaren-mercedes,McLaren Mercedes,8.08,8.15,0.07,78,78,0,7.4,7.47,0.07,
2014,compressed-modern,5,t-ferrari,Ferrari,6.72,6.86,0.14,68,68,0,6.1,6.15,0.05,
2014,compressed-modern,6,t-force-india-mercedes,Force India Mercedes,6.32,6.46,0.14,62,62,0,5.6,5.73,0.13,
2014,compressed-modern,7,t-str-renault,STR Renault,5.98,6.11,0.13,56,56,0,5.3,5.34,0.04,
2014,compressed-modern,8,t-lotus-renault,Lotus Renault,5.64,5.76,0.12,51,51,0,4.9,4.97,0.07,
2014,compressed-modern,9,t-marussia-ferrari,Marussia Ferrari,5.22,5.36,0.14,46,46,0,4.3,4.43,0.13,
2014,compressed-modern,10,t-sauber-ferrari,Sauber Ferrari,4.86,5,0.14,42,42,0,4,4.09,0.09,
2014,compressed-modern,11,t-caterham-renault,Caterham Renault,4.6,4.71,0.11,38,38,0,3.7,3.8,0.1,
2015,compressed-modern,1,t-mercedes,Mercedes,9.22,9.25,0.03,96,96,0,8.7,8.69,-0.01,
2015,compressed-modern,2,t-ferrari,Ferrari,8.88,8.9,0.02,90,90,0,8.3,8.29,-0.01,
2015,compressed-modern,3,t-williams-mercedes,Williams Mercedes,8.5,8.55,0.05,84,84,0,7.9,7.9,0,
2015,compressed-modern,4,t-red-bull-racing-renault,Red Bull Racing Renault,8.1,8.15,0.05,78,78,0,7.4,7.47,0.07,
2015,compressed-modern,5,t-force-india-mercedes,Force India Mercedes,6.76,6.85,0.09,68,68,0,6.1,6.15,0.05,
2015,compressed-modern,6,t-lotus-mercedes,Lotus Mercedes,6.32,6.46,0.14,62,62,0,5.6,5.73,0.13,
2015,compressed-modern,7,t-str-renault,STR Renault,5.98,6.11,0.13,56,56,0,5.3,5.34,0.04,
2015,compressed-modern,8,t-sauber-ferrari,Sauber Ferrari,5.58,5.76,0.18,51,51,0,4.9,4.97,0.07,
2015,compressed-modern,9,t-mclaren-honda,McLaren Honda,5.24,5.36,0.12,46,46,0,4.4,4.43,0.03,
2015,compressed-modern,10,t-manor-marussia-ferrari,Manor Marussia Ferrari,4.9,5,0.1,42,42,0,4,4.09,0.09,
2016,compressed-modern,1,t-mercedes,Mercedes,9.2,9.25,0.05,96,96,0,8.7,8.69,-0.01,
2016,compressed-modern,2,t-red-bull-racing-tag-heuer,Red Bull Racing TAG Heuer,8.88,8.9,0.02,90,90,0,8.3,8.29,-0.01,
2016,compressed-modern,3,t-ferrari,Ferrari,8.54,8.55,0.01,84,84,0,7.9,7.9,0,
2016,compressed-modern,4,t-force-india-mercedes,Force India Mercedes,8.1,8.15,0.05,78,78,0,7.4,7.47,0.07,
2016,compressed-modern,5,t-williams-mercedes,Williams Mercedes,6.72,6.85,0.13,68,68,0,6.1,6.15,0.05,
2016,compressed-modern,6,t-toro-rosso-ferrari,Toro Rosso Ferrari,6.32,6.46,0.14,62,62,0,5.6,5.73,0.13,
2016,compressed-modern,7,t-mclaren-honda,McLaren Honda,5.96,6.11,0.15,56,56,0,5.2,5.34,0.14,
2016,compressed-modern,8,t-haas-ferrari,Haas Ferrari,5.62,5.76,0.14,51,51,0,4.9,4.97,0.07,
2016,compressed-modern,9,t-renault,Renault,5.24,5.36,0.12,46,46,0,4.4,4.43,0.03,
2016,compressed-modern,10,t-sauber-ferrari,Sauber Ferrari,4.84,5,0.16,42,42,0,4,4.09,0.09,
2016,compressed-modern,11,t-mrt-mercedes,MRT Mercedes,4.54,4.71,0.17,38,38,0,3.7,3.8,0.1,
2017,compressed-modern,1,t-mercedes,Mercedes,9.26,9.25,-0.01,96,96,0,8.7,8.69,-0.01,
2017,compressed-modern,2,t-ferrari,Ferrari,8.88,8.9,0.02,90,90,0,8.3,8.29,-0.01,
2017,compressed-modern,3,t-red-bull-racing-tag-heuer,Red Bull Racing TAG Heuer,8.5,8.55,0.05,84,84,0,7.9,7.9,0,
2017,compressed-modern,4,t-force-india-mercedes,Force India Mercedes,8.1,8.15,0.05,78,78,0,7.4,7.47,0.07,
2017,compressed-modern,5,t-williams-mercedes,Williams Mercedes,6.76,6.85,0.09,68,68,0,6.1,6.15,0.05,
2017,compressed-modern,6,t-renault,Renault,6.34,6.46,0.12,62,62,0,5.7,5.73,0.03,
2017,compressed-modern,7,t-haas-ferrari,Haas Ferrari,6,6.1,0.1,56,56,0,5.3,5.33,0.03,
2017,compressed-modern,8,t-toro-rosso,Toro Rosso,5.64,5.75,0.11,51,51,0,4.9,4.97,0.07,
2017,compressed-modern,9,t-mclaren-honda,McLaren Honda,5.18,5.36,0.18,46,46,0,4.3,4.43,0.13,
2017,compressed-modern,10,t-sauber-ferrari,Sauber Ferrari,4.82,5.01,0.19,42,42,0,4,4.1,0.1,
2018,compressed-modern,1,t-mercedes,Mercedes,9.22,9.25,0.03,96,96,0,8.7,8.69,-0.01,
2018,compressed-modern,2,t-ferrari,Ferrari,8.9,8.9,0,90,90,0,8.3,8.29,-0.01,
2018,compressed-modern,3,t-red-bull-racing-tag-heuer,Red Bull Racing TAG Heuer,8.5,8.55,0.05,84,84,0,7.9,7.9,0,
2018,compressed-modern,4,t-force-india-mercedes,Force India Mercedes,8.1,8.15,0.05,78,78,0,7.4,7.47,0.07,
2018,compressed-modern,5,t-renault,Renault,6.74,6.86,0.12,68,68,0,6.1,6.15,0.05,
2018,compressed-modern,6,t-haas-ferrari,Haas Ferrari,6.32,6.46,0.14,62,62,0,5.6,5.73,0.13,
2018,compressed-modern,7,t-sauber-ferrari,Sauber Ferrari,5.98,6.11,0.13,56,56,0,5.3,5.34,0.04,
2018,compressed-modern,8,t-mclaren-renault,McLaren Renault,5.62,5.76,0.14,51,51,0,4.9,4.97,0.07,
2018,compressed-modern,9,t-scuderia-toro-rosso-honda,Scuderia Toro Rosso Honda,5.24,5.35,0.11,46,46,0,4.4,4.42,0.02,
2018,compressed-modern,10,t-williams-mercedes,Williams Mercedes,4.88,5.01,0.13,42,42,0,4,4.1,0.1,
2019,compressed-modern,1,t-mercedes,Mercedes,9.26,9.25,-0.01,96,96,0,8.7,8.69,-0.01,
2019,compressed-modern,2,t-red-bull-racing-honda,Red Bull Racing Honda,8.86,8.9,0.04,90,90,0,8.3,8.29,-0.01,
2019,compressed-modern,3,t-ferrari,Ferrari,8.5,8.55,0.05,84,84,0,7.9,7.9,0,
2019,compressed-modern,4,t-mclaren-renault,McLaren Renault,8.12,8.15,0.03,78,78,0,7.5,7.47,-0.03,
2019,compressed-modern,5,t-scuderia-toro-rosso-honda,Scuderia Toro Rosso Honda,6.76,6.85,0.09,68,68,0,6.1,6.15,0.05,
2019,compressed-modern,6,t-racing-point-bwt-mercedes,Racing Point BWT Mercedes,6.34,6.45,0.11,62,62,0,5.7,5.73,0.03,
2019,compressed-modern,7,t-renault,Renault,5.98,6.1,0.12,56,56,0,5.3,5.33,0.03,
2019,compressed-modern,8,t-alfa-romeo-racing-ferrari,Alfa Romeo Racing Ferrari,5.6,5.76,0.16,51,51,0,4.9,4.97,0.07,
2019,compressed-modern,9,t-haas-ferrari,Haas Ferrari,5.2,5.36,0.16,46,46,0,4.3,4.43,0.13,
2019,compressed-modern,10,t-williams-mercedes,Williams Mercedes,4.86,5,0.14,42,42,0,4,4.09,0.09,
2020,compressed-modern,1,t-mercedes,Mercedes,9.26,9.25,-0.01,96,96,0,8.7,8.69,-0.01,
2020,compressed-modern,2,t-red-bull-racing-honda,Red Bull Racing Honda,8.84,8.91,0.07,90,90,0,8.3,8.3,0,
2020,compressed-modern,3,t-racing-point-bwt-mercedes,Racing Point BWT Mercedes,8.52,8.55,0.03,84,84,0,7.9,7.9,0,
2020,compressed-modern,4,t-mclaren-renault,McLaren Renault,8.12,8.15,0.03,78,78,0,7.5,7.47,-0.03,
2020,compressed-modern,5,t-renault,Renault,6.72,6.86,0.14,68,68,0,6.1,6.15,0.05,
2020,compressed-modern,6,t-alphatauri-honda,AlphaTauri Honda,6.36,6.45,0.09,62,62,0,5.7,5.73,0.03,
2020,compressed-modern,7,t-ferrari,Ferrari,5.96,6.11,0.15,56,56,0,5.2,5.34,0.14,
2020,compressed-modern,8,t-williams-mercedes,Williams Mercedes,5.6,5.76,0.16,51,51,0,4.9,4.97,0.07,
2020,compressed-modern,9,t-alfa-romeo-racing-ferrari,Alfa Romeo Racing Ferrari,5.2,5.36,0.16,46,46,0,4.3,4.43,0.13,
2020,compressed-modern,10,t-haas-ferrari,Haas Ferrari,4.86,5,0.14,42,42,0,4,4.09,0.09,
2021,compressed-modern,1,t-mercedes,Mercedes,9.22,9.25,0.03,96,96,0,8.7,8.69,-0.01,
2021,compressed-modern,2,t-red-bull-racing-honda,Red Bull Racing Honda,8.9,8.9,0,90,90,0,8.3,8.29,-0.01,
2021,compressed-modern,3,t-ferrari,Ferrari,8.56,8.55,-0.01,84,84,0,7.9,7.9,0,
2021,compressed-modern,4,t-mclaren-mercedes,McLaren Mercedes,8.06,8.15,0.09,78,78,0,7.4,7.47,0.07,
2021,compressed-modern,5,t-alpine-renault,Alpine Renault,6.76,6.85,0.09,68,68,0,6.1,6.15,0.05,
2021,compressed-modern,6,t-alphatauri-honda,AlphaTauri Honda,6.4,6.45,0.05,62,62,0,5.7,5.73,0.03,
2021,compressed-modern,7,t-aston-martin-mercedes,Aston Martin Mercedes,6.02,6.1,0.08,56,56,0,5.3,5.33,0.03,
2021,compressed-modern,8,t-williams-mercedes,Williams Mercedes,5.64,5.76,0.12,51,51,0,4.9,4.97,0.07,
2021,compressed-modern,9,t-alfa-romeo-racing-ferrari,Alfa Romeo Racing Ferrari,5.26,5.36,0.1,46,46,0,4.4,4.43,0.03,
2021,compressed-modern,10,t-haas-ferrari,Haas Ferrari,4.92,5,0.08,42,42,0,4,4.09,0.09,
2022,compressed-modern,1,t-red-bull-racing-rbpt,Red Bull Racing RBPT,9.22,9.25,0.03,96,96,0,8.7,8.69,-0.01,
2022,compressed-modern,2,t-ferrari,Ferrari,8.86,8.91,0.05,90,90,0,8.3,8.3,0,
2022,compressed-modern,3,t-mercedes,Mercedes,8.52,8.55,0.03,84,84,0,7.9,7.9,0,
2022,compressed-modern,4,t-alpine-renault,Alpine Renault,8.14,8.15,0.01,78,78,0,7.5,7.47,-0.03,
2022,compressed-modern,5,t-mclaren-mercedes,McLaren Mercedes,6.76,6.85,0.09,68,68,0,6.1,6.15,0.05,
2022,compressed-modern,6,t-alfa-romeo-ferrari,Alfa Romeo Ferrari,6.4,6.45,0.05,62,62,0,5.7,5.73,0.03,
2022,compressed-modern,7,t-aston-martin-aramco-mercedes,Aston Martin Aramco Mercedes,6.02,6.1,0.08,56,56,0,5.3,5.33,0.03,
2022,compressed-modern,8,t-haas-ferrari,Haas Ferrari,5.64,5.76,0.12,51,51,0,4.9,4.97,0.07,
2022,compressed-modern,9,t-alphatauri-rbpt,AlphaTauri RBPT,5.3,5.35,0.05,46,46,0,4.4,4.42,0.02,
2022,compressed-modern,10,t-williams-mercedes,Williams Mercedes,4.92,5.01,0.09,42,42,0,4,4.1,0.1,
2023,compressed-modern,1,t-red-bull-racing-honda-rbpt,Red Bull Racing Honda RBPT,9.22,9.25,0.03,96,96,0,8.7,8.69,-0.01,
2023,compressed-modern,2,t-mercedes,Mercedes,8.9,8.9,0,90,90,0,8.3,8.29,-0.01,
2023,compressed-modern,3,t-ferrari,Ferrari,8.56,8.55,-0.01,84,84,0,7.9,7.9,0,
2023,compressed-modern,4,t-mclaren-mercedes,McLaren Mercedes,8.06,8.15,0.09,78,78,0,7.4,7.47,0.07,
2023,compressed-modern,5,t-aston-martin-aramco-mercedes,Aston Martin Aramco Mercedes,6.8,6.85,0.05,68,68,0,6.1,6.15,0.05,
2023,compressed-modern,6,t-alpine-renault,Alpine Renault,6.34,6.45,0.11,62,62,0,5.7,5.73,0.03,
2023,compressed-modern,7,t-williams-mercedes,Williams Mercedes,6.04,6.1,0.06,56,56,0,5.3,5.33,0.03,
2023,compressed-modern,8,t-alphatauri-honda-rbpt,AlphaTauri Honda RBPT,5.7,5.75,0.05,51,51,0,4.9,4.97,0.07,
2023,compressed-modern,9,t-alfa-romeo-ferrari,Alfa Romeo Ferrari,5.26,5.36,0.1,46,46,0,4.4,4.43,0.03,
2023,compressed-modern,10,t-haas-ferrari,Haas Ferrari,4.92,5,0.08,42,42,0,4,4.09,0.09,
2024,compressed-modern,1,t-mclaren-mercedes,McLaren Mercedes,9.26,9.25,-0.01,96,96,0,8.7,8.69,-0.01,
2024,compressed-modern,2,t-ferrari,Ferrari,8.86,8.91,0.05,90,90,0,8.3,8.3,0,
2024,compressed-modern,3,t-red-bull-racing-honda-rbpt,Red Bull Racing Honda RBPT,8.52,8.55,0.03,84,84,0,7.9,7.9,0,
2024,compressed-modern,4,t-mercedes,Mercedes,8.12,8.15,0.03,78,78,0,7.5,7.47,-0.03,
2024,compressed-modern,5,t-aston-martin-aramco-mercedes,Aston Martin Aramco Mercedes,6.8,6.85,0.05,68,68,0,6.1,6.15,0.05,
2024,compressed-modern,6,t-alpine-renault,Alpine Renault,6.34,6.45,0.11,62,62,0,5.7,5.73,0.03,
2024,compressed-modern,7,t-haas-ferrari,Haas Ferrari,6.02,6.11,0.09,56,56,0,5.3,5.34,0.04,
2024,compressed-modern,8,t-rb-honda-rbpt,RB Honda RBPT,5.7,5.75,0.05,51,51,0,4.9,4.97,0.07,
2024,compressed-modern,9,t-williams-mercedes,Williams Mercedes,5.24,5.36,0.12,46,46,0,4.4,4.43,0.03,
2024,compressed-modern,10,t-kick-sauber-ferrari,Kick Sauber Ferrari,4.9,5,0.1,42,42,0,4,4.09,0.09,
2025,compressed-modern,1,t-mclaren,McLaren,9.24,9.25,0.01,96,96,0,8.7,8.69,-0.01,
2025,compressed-modern,2,t-mercedes,Mercedes,8.9,8.9,0,90,90,0,8.3,8.29,-0.01,
2025,compressed-modern,3,t-red-bull-racing,Red Bull Racing,8.52,8.55,0.03,84,84,0,7.9,7.9,0,
2025,compressed-modern,4,t-ferrari,Ferrari,8.12,8.15,0.03,78,78,0,7.5,7.47,-0.03,
2025,compressed-modern,5,t-williams,Williams,6.82,6.85,0.03,68,68,0,6.1,6.15,0.05,
2025,compressed-modern,6,t-racing-bulls,Racing Bulls,6.4,6.45,0.05,62,62,0,5.7,5.73,0.03,
2025,compressed-modern,7,t-aston-martin,Aston Martin,6,6.11,0.11,56,56,0,5.3,5.34,0.04,
2025,compressed-modern,8,t-haas-f1-team,Haas F1 Team,5.66,5.75,0.09,51,51,0,4.9,4.97,0.07,
2025,compressed-modern,9,t-kick-sauber,Kick Sauber,5.24,5.35,0.11,46,46,0,4.4,4.42,0.02,
2025,compressed-modern,10,t-alpine,Alpine,4.94,5,0.06,42,42,0,4.1,4.09,-0.01,
2026,modern-reset,1,t-mercedes,Mercedes,8.86,8.85,-0.01,94,94,0,8.4,8.39,-0.01,
2026,modern-reset,2,t-ferrari,Ferrari,8.44,8.45,0.01,88,88,0,8,7.97,-0.03,
2026,modern-reset,3,t-mclaren,McLaren,8.06,8.05,-0.01,81,81,0,7.5,7.51,0.01,
2026,modern-reset,4,t-red-bull-racing,Red Bull Racing,7.62,7.65,0.03,74,74,0,7,7.06,0.06,
2026,modern-reset,5,t-alpine,Alpine,6.08,6.05,-0.03,64,64,0,5.6,5.56,-0.04,
2026,modern-reset,6,t-racing-bulls,Racing Bulls,5.68,5.65,-0.03,57,57,0,5.1,5.1,0,
2026,modern-reset,7,t-haas-f1-team,Haas F1 Team,5.36,5.3,-0.06,51,51,0,4.7,4.71,0.01,
2026,modern-reset,8,t-williams,Williams,4.94,4.95,0.01,46,46,0,4.3,4.34,0.04,
2026,modern-reset,9,t-audi,Audi,4.66,4.6,-0.06,41,41,0,3.9,3.83,-0.07,
2026,modern-reset,10,t-aston-martin,Aston Martin,4.24,4.25,0.01,37,37,0,3.5,3.5,0,
2026,modern-reset,11,t-cadillac,Cadillac,4,3.95,-0.05,33,33,0,3.2,3.2,0,